national_tmed,national_tmin,national_tmax
7.406794781,1.275915207,13.54662075
8.624643591,2.151974716,15.11537502
9.159460124,3.364300939,14.98207496
7.543700186,2.56370711,12.47198064
7.545382047,2.566761527,12.53929742
7.665147364,2.161292662,13.16971957
9.367726389,3.149599668,15.59467546
9.28981358,3.444499922,15.13636749
10.19312565,4.897240678,15.45012788
9.64379489,4.667913796,14.6291699
9.465197967,4.746556064,14.20276226
7.202254774,3.748524195,10.65544087
5.479337786,2.620479578,8.312522649
4.67935217,1.259023392,8.110336201
5.041610952,1.515854782,8.566223937
6.194021435,2.772133971,9.599088755
6.478817814,1.954165238,11.01200525
7.74784897,2.350726063,13.15101082
8.487752408,3.357844089,13.62024385
8.642546862,3.327178037,13.96367245
9.303576304,4.259521866,14.36518246
11.57181154,8.879222479,14.27219123
5.606589173,2.215699553,9.005688986
6.660721677,3.5783936,9.722517868
3.596257478,0.984268581,6.188820973
4.121542133,0.534991072,7.679636459
3.192564577,-0.596304148,6.97588889
5.797474174,0.199857734,11.42597439
7.065350673,1.960462855,12.18386872
7.527572377,2.947707745,12.09173446
7.883319333,4.009225918,11.75127014
8.662772284,3.618374062,13.70193235
9.724839909,5.919732023,13.5214768
8.544955266,5.46955013,11.59567599
8.056514244,3.660356825,12.43377218
8.240065462,2.796981785,13.68916155
8.029777833,2.866752646,13.1966088
10.5437617,5.683295062,15.42470301
8.333678356,4.536258814,12.14799243
9.472566594,4.628078693,14.33164168
11.98217576,7.980666715,15.99347844
10.21143451,5.924910148,14.50207673
14.62328031,9.476553948,19.76660165
13.25434956,8.42594938,18.07470753
10.58429693,5.421469333,15.70283696
9.544489936,3.28854407,15.79302337
10.66073663,3.20889366,18.10487511
13.03349939,5.894246138,20.16560645
13.56365191,6.2083447,20.93406826
14.32412854,7.177812354,21.48534979
13.72235075,6.761842823,20.70030783
11.39171413,6.153013276,16.62843619
8.280090321,2.55133003,14.02048276
9.240086754,3.86941492,14.62997685
8.961060957,5.794827348,12.10614045
10.67902052,7.343319839,14.04704437
10.88193935,7.884694336,13.89554782
9.31778482,6.392291872,12.23733301
9.191512811,6.045244386,12.31510124
7.949169101,4.258862929,11.62827592
9.347485663,3.689466843,14.9888968
13.71565693,8.236065126,19.19743582
17.30057183,10.65232822,23.94589675
17.60702941,11.01289175,24.19829831
14.61724281,8.570640808,20.66234411
14.36870378,7.082364802,21.6284934
14.70424886,8.118361375,21.28307518
12.89184829,8.00651387,17.79885921
12.16082742,6.843969464,17.47275741
12.06864786,7.019230348,17.13888538
11.31261357,7.130657526,15.47321516
12.96433334,7.984614902,17.94202446
15.98848926,9.713771053,22.25624387
16.88024681,10.53034971,23.24790672
14.8039537,10.45096046,19.16574643
14.30367008,10.21015641,18.41205796
15.06319263,9.720778367,20.39174707
14.01709159,7.621935851,20.38993799
15.49581548,9.374676497,21.61170461
15.51119459,10.35319361,20.67776171
15.8457946,9.109655889,22.59961317
15.8988276,10.24101325,21.5546544
13.94856994,9.667215125,18.24867186
13.99149545,8.174007932,19.81530475
14.76673603,9.118614433,20.41831434
16.24848137,9.844304078,22.63679868
18.26471165,12.55515705,23.94540949
19.78865874,14.2669629,25.31971471
17.08989213,12.11369845,22.08827685
16.48170868,9.731206591,23.23611882
18.01221684,10.76125307,25.27817585
18.51527629,12.31735405,24.73157647
21.40093278,13.80153844,28.98360148
22.10149913,14.06037846,30.1608885
23.92429778,15.93125031,31.9455913
22.59152604,14.96409047,30.2504254
17.42789823,11.27452472,23.58495679
19.56863925,12.49731893,26.66221178
16.08972013,11.06200518,21.09591914
14.30592727,9.139518164,19.47843656
14.85530974,9.000194073,20.69268765
15.11066615,8.808505533,21.42278234
18.02396308,12.31801558,23.73395947
18.28225465,11.48165039,25.09381957
18.61830554,11.4885627,25.7322373
19.53145283,12.39045485,26.66071451
19.44356487,13.4378863,25.4322918
20.60111969,14.41318537,26.79815096
21.20063547,14.20547652,28.18713323
22.33983451,15.8365081,28.84827173
22.74558364,15.89955103,29.59309593
22.22224327,15.53552008,28.92369443
23.19865207,16.56871984,29.85381852
21.92236827,15.6728244,28.17804827
20.49996799,15.5088356,25.4825188
18.95424799,14.65457579,23.23396409
18.59876443,13.55016712,23.66305669
17.42339407,12.72148957,22.11943118
18.27735016,12.12453338,24.43849384
19.5839379,12.9408916,26.23023372
20.90723394,14.0624537,27.72747723
22.15372043,15.16034319,29.14357471
23.50646343,17.2986875,29.7089004
22.04598354,16.15765429,27.92683069
21.31757894,14.99137945,27.63506546
22.71749896,15.44435235,29.99924631
24.41516829,17.24979329,31.5834066
26.99336026,19.79136781,34.18282517
26.72763385,19.7173459,33.73978974
25.46400172,18.9797237,31.94240072
24.58907827,18.78950815,30.38641443
25.85425854,18.83393244,32.8767323
27.88600707,20.25718299,35.49986106
28.20039026,20.79369633,35.59462069
26.21236592,19.74750725,32.70058257
25.54938395,18.47496403,32.64876514
25.51532304,18.57336353,32.48852872
26.0220384,18.88279799,33.18279505
26.73158371,19.67314003,33.75592806
27.21248177,20.05442386,34.35761201
27.13392252,20.17951046,34.13070921
26.69602072,20.23379352,33.14100565
26.65733381,20.07564059,33.25522951
27.07051554,20.8295865,33.3015801
26.11690177,19.64525737,32.58703457
25.82269439,19.20843802,32.4312364
25.56849365,19.37281701,31.76463886
25.8464778,19.49663954,32.21317287
25.84107823,19.57030395,32.14246899
25.85500509,20.00562322,31.71993203
24.22417308,19.49940164,28.95991021
22.60658376,17.51229435,27.68580225
25.71985737,19.4740639,31.96285427
25.15716265,19.20501636,31.1280746
25.95008525,19.09089391,32.80119974
26.24571386,19.57205851,32.93206423
26.51834306,20.49081932,32.55222637
25.57355061,18.47287227,32.67317448
25.68033117,20.0463234,31.30972167
25.73925672,19.91827956,31.55235919
23.26554921,18.12706205,28.40309662
21.18663574,16.01182886,26.35006602
23.0038215,17.97819903,28.04446768
22.029805,16.51300756,27.53736542
22.7297399,16.57613208,28.88395101
24.56931783,17.98899567,31.13860825
24.92298915,18.62938004,31.23209187
20.67615311,15.44434999,25.92868397
21.48319156,14.47079745,28.49421754
23.30000424,17.05662924,29.55178333
24.06768179,17.8140087,30.29419863
24.88251758,18.06797761,31.68391867
24.11574413,19.1714241,29.05044268
22.53071858,17.37004792,27.65673054
21.25584809,16.37014127,26.15218467
20.23025308,15.93782132,24.53023181
19.17302527,14.71323638,23.62117128
19.72090307,14.65616162,24.78507045
19.81681493,13.55379347,26.0890821
20.44527682,14.24827476,26.63629513
20.751326,15.6045523,25.87885145
21.31992024,15.36540031,27.28833339
19.28706734,14.27254509,24.29335119
18.22880704,13.46220233,22.99571724
19.49056449,14.97209335,24.03051254
17.69649689,12.5226929,22.86529382
17.40772699,10.97751733,23.82625682
20.92770351,14.11777668,27.73431311
20.7393121,14.74892199,26.75213306
19.10139705,13.67500114,24.52334468
19.17220434,12.69091358,25.62551153
20.12974898,13.68162288,26.59367043
18.65570303,12.7804475,24.51901612
17.55607142,12.37834883,22.71233103
17.27616054,12.22176724,22.35005707
17.92865455,11.82890956,24.00334906
17.94419737,12.0572179,23.83572666
21.33960907,17.46194955,25.22350795
19.24088131,14.80101084,23.68883447
17.06768662,12.09966494,22.03019885
16.45890793,11.35068809,21.58231993
16.57701117,10.5857932,22.5600033
18.1167256,14.21308008,22.01576435
15.72487093,12.06719197,19.37022917
14.38845438,9.484790397,19.29591846
13.94297449,7.522089877,20.36111062
15.11551555,9.403003423,20.83918196
16.69713517,13.81184008,19.59609802
15.48019701,12.17933928,18.7706966
13.9823796,9.201508595,18.75429882
14.25783859,7.895903519,20.59691727
15.69646477,10.03800642,21.35903466
15.7493046,13.07939316,18.41326766
14.63200363,11.05351802,18.2235599
13.86431,9.99895061,17.7344049
15.39951372,10.63207938,20.16296173
16.3488499,11.11599966,21.57410627
13.59909268,10.6695042,16.50898564
13.78391651,10.47295936,17.08386685
14.9055665,10.69004447,19.13165385
15.91881826,11.96432325,19.88646537
17.01515859,11.86061015,22.17139809
16.19856058,10.5210578,21.85264403
16.37245824,10.53926623,22.22495755
15.68208276,10.14278977,21.20910237
14.55361717,9.327598823,19.78913265
14.04152407,9.068426893,19.01215032
13.50988203,8.147383293,18.84477727
13.30445557,7.809105291,18.79903264
14.12804879,8.311203384,19.91938266
14.58879338,8.650107238,20.52952714
14.81577662,8.979785372,20.652316
7.049428687,2.375211873,11.72991586
7.474711,2.498421554,12.42796291
10.73093519,5.645134482,15.80000786
12.11200849,7.624281488,16.58804006
11.81221702,7.111482815,16.50182185
10.65066403,4.319880259,16.97266071
10.61954339,4.450336376,16.78751888
11.03073779,5.211078764,16.83598261
11.65402836,5.743022655,17.57936834
12.32730911,6.748195774,17.90258605
11.18415824,7.607887009,14.79357058
12.02861946,7.958128397,16.09552295
11.73389846,7.193301082,16.28468505
10.9112193,6.809609574,15.01456636
10.40445138,6.269907242,14.53847605
11.50966079,7.518501662,15.51337076
13.05092335,8.154964209,17.94076898
13.74196963,8.184683394,19.30732196
13.11654384,7.959413021,18.28781614
13.02215893,7.742960458,18.29370176
10.8213067,5.805209306,15.83244905
10.80658209,5.825452151,15.76085517
10.55746183,5.945588293,15.16629622
10.51785851,6.196881369,14.84308321
10.47126233,5.39786281,15.53554362
11.63689664,7.997601377,15.28634626
10.77571626,6.449171629,15.09040807
10.00321279,5.333560626,14.64506948
11.06049843,7.318815934,14.79048146
11.32781631,7.550811857,15.11169567
11.7203891,9.22647435,14.22853221
8.378611599,4.930864745,11.83500684
7.875101657,4.052219032,11.68746716
12.55310998,9.106505447,16.01681269
12.97177428,9.340479722,16.6003601
10.93280171,7.584751719,14.28774888
8.645217259,4.494203734,12.79613659
8.20728424,2.970314446,13.43801011
9.173854468,4.913728171,13.4188385
7.876133521,4.473030539,11.2729651
8.581071908,4.002296621,13.14952803
7.762018772,3.532037744,11.98056448
8.501249612,3.860336235,13.15728668
9.311350949,4.875843512,13.75086839
11.08609801,7.005262233,15.18094008
12.21285822,7.528120599,16.89481865
11.02768279,6.707418487,15.37263045
10.17138413,5.780848678,14.55526797
9.629069122,5.930351863,13.32632106
9.412519629,6.081760311,12.7513894
12.55099957,7.151340993,17.95403611
11.39034815,6.494786042,16.30489676
10.32506506,5.699944413,14.94417315
8.785776017,3.585403938,13.97219012
9.55660093,3.729913528,15.35892717
10.93375561,6.292584007,15.56826825
11.94300271,8.405954637,15.48010182
12.55279896,9.673995025,15.45035966
12.40182448,9.670741793,15.14171774
12.77626357,9.590302158,15.96636512
7.317098968,3.398535891,11.23892416
5.769458236,0.903746777,10.6123702
4.757710226,-1.085590627,10.5984926
6.817440484,3.006050563,10.63748172
7.383714376,2.325029117,12.43523691
11.76704904,6.222901343,17.33364503
11.32953038,5.919306597,16.69820087
9.69910902,4.765667356,14.64303371
10.64537823,6.72775316,14.5655239
8.267779357,4.55590685,11.98823262
9.03251386,4.398560431,13.68462077
9.885302561,3.143980829,16.61294837
11.93854121,5.664089158,18.22209082
10.79249868,5.526727909,16.04731861
10.21071846,4.224241328,16.21182763
7.417190366,3.60265736,11.22641911
7.796942975,3.117807526,12.48474679
7.929694719,3.06435642,12.7905746
8.140624624,3.595761721,12.68763796
8.587948148,3.078600108,14.09115698
8.577710558,3.20305555,13.95711161
9.353722483,3.885188069,14.83299541
9.763679239,4.203004557,15.32843324
9.567376146,4.210180318,14.92112099
9.960850297,5.33456939,14.59531163
10.27277173,6.205992738,14.36866926
10.33490405,5.989254569,14.68879755
10.18662613,5.007221486,15.38125117
10.95435087,4.240296992,17.66587374
12.14571352,6.371834674,17.89674187
12.59414391,7.62402827,17.57254199
14.16731684,8.231827329,20.0975861
14.23205879,7.369631687,21.07508949
10.75097255,6.107286696,15.40342837
9.171391869,3.90459734,14.4564469
10.59909242,7.759511743,13.40620652
11.18481696,7.698014054,14.65738596
12.83632082,6.888795538,18.80279978
12.80705393,6.900677795,18.71951611
10.09339282,5.417820243,14.77662144
11.58369025,6.91492403,16.28929809
12.3352577,7.843919955,16.85372029
13.09039901,8.240507656,17.95062959
14.31663133,8.519510644,20.08751369
14.46323441,9.171021531,19.77048459
14.26477068,8.299007971,20.23099477
13.8685947,9.747593109,17.96188656
13.2135474,9.334189376,17.08664456
13.35360266,8.289745809,18.42030849
13.67226403,9.383635852,17.96922699
12.8177018,6.440616065,19.19621118
14.41113012,7.884206915,20.95739439
14.00621393,9.137017723,18.87262466
13.13903137,9.02467328,17.23041952
13.33195073,8.554396049,18.09063697
13.91333924,5.923917665,21.90223555
15.93669502,8.286713974,23.58855258
17.05121763,9.770635597,24.34379474
15.92442697,10.80775011,21.03310754
14.48961103,11.10395279,17.88764583
13.63720634,10.0531279,17.24322379
13.16595964,9.069004636,17.24372663
13.19532537,8.678315844,17.69773372
13.46251858,9.447725055,17.45702577
13.73241117,9.482387125,17.99475519
16.25233315,10.11388341,22.41231687
16.66338434,10.80396679,22.51500478
17.37541947,11.43054928,23.29585081
17.82779746,11.90949624,23.77348165
18.69381189,11.92525792,25.47467688
15.80362689,9.133951831,22.48571411
17.45466745,11.48647399,23.42391795
17.51981727,12.5825362,22.46273697
18.03071803,12.34018648,23.73155578
18.51032703,12.30767661,24.72240142
16.89369233,11.05821073,22.72112319
17.28131457,10.94460537,23.60857028
18.02587851,10.61965636,25.42534082
18.94867296,11.74348404,26.14077542
19.79474205,13.7632662,25.83048221
20.90989578,14.51968136,27.28595821
22.15731406,15.03837508,29.26662864
23.50680232,16.02779399,31.00187646
24.12195305,17.2160529,31.01407232
22.12745469,16.65202724,27.58686755
22.93758255,16.85594546,29.01651303
21.42731319,15.88203662,26.98066771
18.59303127,13.75384911,23.43908008
16.94265386,12.20383395,21.68578589
17.36419169,11.49824678,23.23273468
21.07052105,13.55886031,28.57791179
22.87703899,15.55445779,30.19264229
23.7861276,16.4601025,31.12815632
23.63361098,16.51957141,30.74252225
23.52315704,16.95969605,30.10405541
22.14097147,15.45151722,28.81014268
23.50571014,17.10120739,29.90888966
23.86397149,17.97268791,29.77420042
23.58439722,17.10089661,30.08863355
23.71092103,17.42034862,30.01881964
23.82049052,17.79025415,29.86343683
24.5013435,18.25338945,30.74804847
24.85042065,18.55212145,31.13435781
24.01154222,18.47453314,29.53636565
25.19712999,18.71896854,31.68398368
25.66632832,19.69018156,31.65075589
23.73626634,17.6730909,29.80780578
21.64021899,15.76159352,27.51081025
21.28512614,14.56555031,28.01358204
21.86763587,14.77908458,28.96788929
25.4164629,17.79664992,33.042743
25.96743123,18.42273569,33.48981303
26.15314467,20.10173563,32.18465784
25.407123,19.05203944,31.77485809
23.64002199,17.77590785,29.50783733
25.54286309,18.2840968,32.81888997
26.35400537,19.21664485,33.48153605
25.53819716,19.25012953,31.82711834
25.58332665,18.75810367,32.39263774
26.12505757,19.3439629,32.91241736
24.39791383,17.83561703,30.92426394
25.23439148,17.97907871,32.48172583
25.87312029,18.84668692,32.88662173
25.85055912,19.32903287,32.3811604
24.46685549,18.43687073,30.48321234
25.28149385,18.3599655,32.19961967
24.27252376,17.30161583,31.25950795
22.25907614,16.93118898,27.59476543
21.87210691,15.22229844,28.50472333
23.38070253,16.49842723,30.23077771
24.70353986,18.02006113,31.3539095
24.54613318,18.76519464,30.35631375
24.68767254,18.09848743,31.2783767
24.57493424,18.07593661,31.08419163
25.03451606,18.34662752,31.71583752
25.21512758,17.91234617,32.50779967
25.59419193,18.32823384,32.85781276
25.2613359,18.42579406,32.12481904
24.81499509,17.51087698,32.12653154
24.7132595,18.18004082,31.24875936
24.3140547,18.64294644,29.99484903
23.48453286,17.76474815,29.22828006
23.49128842,17.45993457,29.53876013
24.60527836,18.09531314,31.12835643
25.16644712,18.38611732,31.95125493
27.77546473,20.07655951,35.47201263
27.67835542,19.89934842,35.44064153
26.47731165,19.45807095,33.50200508
23.7388858,17.97309928,29.49861755
23.07173864,17.30498675,28.83898391
24.17433297,17.46586746,30.87075957
20.53999867,14.8193278,26.25436752
16.79784735,12.04189951,21.55468261
16.54681974,11.32435075,21.76668686
19.04823658,12.92667228,25.15501758
18.79550379,11.81729166,25.76712955
19.83434683,14.38849848,25.2602211
20.07949948,13.3809971,26.79803931
20.0768725,13.92531993,26.19942056
20.23568295,13.98789398,26.4755637
20.51085441,15.16372896,25.86912979
20.60760761,14.77412503,26.43739735
20.19062349,14.69059168,25.70182961
20.14099191,14.24362084,26.01803411
19.77656937,13.88789812,25.67485799
19.9354499,13.38757272,26.48046673
20.28865081,13.90691521,26.6972186
19.94640195,14.47477932,25.43199172
19.16675467,13.32888277,25.02387281
19.16917258,12.7203055,25.63553842
16.86088068,11.21094769,22.50083284
16.45476423,10.2238622,22.69743195
14.81298732,11.82330489,17.79488914
14.94415984,12.12234531,17.76105404
14.89727641,10.27428777,19.5174986
17.68077344,13.53077527,21.83812802
17.9167413,13.77986122,22.03927004
17.44014089,13.60157564,21.28607399
16.0203578,12.3578712,19.70110277
14.7773084,10.61760893,18.94671066
15.90640813,12.33070967,19.48120673
18.01259289,13.64913236,22.37569059
19.40905689,14.46871862,24.37527467
18.77404655,13.70612279,23.859314
18.07062757,12.65386433,23.47354132
15.73024175,9.479738701,22.00107987
15.96034512,10.27553389,21.63277609
16.42901789,10.14647699,22.69404848
16.17928337,10.37612235,21.97749513
15.20056134,11.61981251,18.76511674
8.555091949,4.221974938,12.90337962
8.755565151,3.962816749,13.52184485
11.08423458,6.331659249,15.84117451
11.01558342,6.208077725,15.83081838
11.35317479,5.937195782,16.75723957
11.70679618,6.641512347,16.76306319
11.05877022,5.668675932,16.4318735
11.62808809,5.624294197,17.6294232
12.79270648,6.608175285,18.99306471
12.03579193,7.013520877,17.02452159
12.27717089,9.21574169,15.31338989
10.09118863,7.666260822,12.51008724
8.531770551,5.481145904,11.58650013
7.553653028,3.975209566,11.0840553
7.760746174,3.759326168,11.73495115
10.13002391,6.425403116,13.87258508
10.06633365,6.206864971,13.93241545
10.99618041,7.553991337,14.47437802
10.63571133,7.117626966,14.18002092
10.96049799,6.492671209,15.42195451
12.77528849,9.590827686,15.92676695
12.31084298,7.708132324,16.93137826
11.01710892,6.729465366,15.30523393
10.91033253,6.730828384,15.1099253
11.78964703,7.195484846,16.39520027
10.83394647,5.573360863,16.12284483
9.607339756,5.176702098,14.05089244
9.391876524,5.722406663,13.03397389
9.0609672,6.135063779,11.97866054
8.857966333,6.736212195,10.95493261
7.555828079,4.057264352,11.03870962
7.965161349,4.261671873,11.67982745
9.054074032,4.806695391,13.30166444
10.18080679,5.609948557,14.74038411
10.33037446,5.753763121,14.91644556
10.42330124,5.223856868,15.63084697
10.17467122,5.052579312,15.2925526
9.887446219,4.572361649,15.19835746
9.351221109,3.53201072,15.16575819
8.227360729,3.235199349,13.25316756
7.092423818,2.305498775,11.87741291
8.562868391,3.386425383,13.71387444
9.965677435,5.157548358,14.77139128
9.14190839,3.958736413,14.36434045
7.605293417,2.236880638,12.95919974
7.671531767,1.735414003,13.59259605
8.136983095,3.811458862,12.47046766
10.35133882,5.605275711,15.11338257
10.28210807,5.016216455,15.55551058
7.831711793,3.472199669,12.18105753
8.514328502,3.911775852,13.11185243
5.809746561,0.372289588,11.24893828
2.214535445,-2.2067932,6.647185904
3.383694823,-0.808355096,7.60050737
5.167680347,1.61500891,8.709493343
6.992596234,2.157575039,11.81065657
7.051829196,1.432917828,12.6555488
6.373837383,0.596035309,12.16001784
5.6681061,0.984439171,10.35302619
7.917334451,5.237871992,10.56496973
10.8717963,6.338223614,15.39881528
10.83837385,6.049210591,15.64529038
10.75536633,6.357785272,15.12891498
9.695417403,6.118935285,13.29749485
10.83047846,7.050447106,14.61964774
10.64923256,5.474530903,15.80266634
11.11198805,6.223678872,15.99109265
8.081987964,3.781739942,12.38806203
7.901506312,2.207022398,13.58582942
6.988438296,3.267787553,10.71336861
10.40154923,7.02682308,13.78170182
10.07785096,5.057458978,15.08505782
10.89606456,5.967459561,15.82777188
10.95915902,6.126759492,15.78181028
10.96692734,5.216299615,16.68676319
10.04981646,5.078350683,15.02385871
11.20310118,5.243108905,17.17497992
12.69049752,6.617416151,18.75538012
12.54674543,8.421634202,16.69855227
11.08717743,6.559215806,15.60485501
11.15397527,6.46419207,15.84289408
10.94535732,7.073276248,14.81248014
11.16518651,5.384543824,16.93064894
12.10969003,6.130454236,18.08524794
9.486279618,5.088916863,13.88757571
14.24574575,9.40041977,19.09902696
14.07457837,8.337749278,19.8214599
15.13679644,8.544972999,21.74238674
17.08593376,9.354162768,24.81732558
17.95237996,9.972340912,25.93628997
10.06237585,6.425545292,13.74686787
12.49257249,7.621015428,17.3768872
13.12899271,7.285866298,18.96752057
13.0027718,6.892369007,19.12306807
13.04642784,7.045003461,19.026737
14.47298135,8.360652056,20.57392394
11.914215,7.416435814,16.39498192
9.833968603,5.145232583,14.53413518
7.153004176,2.938350709,11.38488937
6.870885953,2.195966163,11.54429567
11.5406399,7.381398078,15.70845856
12.86968579,6.838145111,18.89962247
14.43405338,7.43529894,21.44932501
14.89305344,8.459363326,21.35442248
14.22736875,8.782688068,19.64776084
12.88201363,5.411447339,20.34450452
14.10240562,7.537502324,20.66813962
13.21056711,7.204963859,19.22587798
13.67332209,6.834530538,20.49348958
14.35198533,7.308849156,21.37313932
15.74021457,8.600086663,22.88941008
16.75549091,9.175139206,24.33285182
16.92860486,9.329135072,24.50601086
17.52363277,10.36269748,24.69983499
17.61451727,11.69977065,23.53388174
17.55987346,10.5370041,24.60162625
17.49983598,11.11535995,23.88072336
14.86512961,9.681089591,20.04700112
13.41365227,8.049782559,18.80718469
13.09349212,6.493965853,19.69431773
16.66227242,9.640688195,23.68251138
15.59085926,10.42907778,20.75006951
12.89460303,8.220624191,17.60284489
10.49725234,6.068777828,14.93192356
10.35450824,5.475217976,15.25948659
12.56230166,5.993223108,19.12267695
15.01784156,8.490824875,21.56688353
16.39077357,9.92351354,22.89221286
17.48274923,11.02091359,23.9362223
16.39510455,10.9922813,21.81058509
18.33525963,11.04083889,25.64297117
17.84172366,11.76455696,23.90738996
17.05389948,12.18928915,21.91834757
15.76538983,11.82062436,19.69775849
16.01120487,11.6118517,20.41114097
19.60846567,12.80272179,26.41762663
21.37586278,14.88884107,27.82048077
19.88086292,13.84317268,25.91035276
16.22763679,10.61048768,21.84972846
15.35491056,8.755064018,21.94400644
20.09339146,13.68745328,26.47954704
20.72817755,13.68438608,27.76201133
22.22033293,15.32196451,29.11255007
23.1077279,15.80245058,30.40815482
21.57609524,15.15045805,27.99431951
20.07808882,15.15897586,24.99259508
19.30435356,14.04272192,24.54091899
20.69909591,14.589617,26.7887157
21.64584554,15.41945286,27.86925081
21.98770034,15.86070408,28.09647641
18.41873868,11.85466239,24.97528119
20.06651587,13.48487524,26.64021072
20.35130746,13.63522438,27.07026369
22.20168711,15.66612405,28.73633336
22.02918574,15.97387974,28.07089629
24.99800926,18.37387857,31.59801065
24.9095836,18.27787641,31.55910428
25.57920996,18.54470246,32.6067657
25.98787095,19.08647159,32.89928239
26.54654515,19.79100128,33.29256235
25.76797691,19.12746753,32.40884773
25.72741695,19.21768021,32.25770122
25.88623207,18.86484126,32.90057189
25.80560277,19.255103,32.35146455
25.91017099,19.18044928,32.64955184
24.01041155,17.90236219,30.12256402
22.64266787,17.31638403,28.00218482
21.09290003,16.15226524,26.01627222
18.84696691,13.68067384,24.00191109
17.71430289,12.11067486,23.3175687
22.90837721,15.50183295,30.30894374
24.20504901,16.90145967,31.51766046
23.90156696,17.55420407,30.25617126
22.85393518,17.95935965,27.75361333
22.48154742,17.05298754,27.90229347
23.66577698,17.58251221,29.71981584
24.43244982,17.35673505,31.5164945
26.26797585,18.81437808,33.71856815
27.01770831,20.38889304,33.6674935
26.07406821,20.07840461,32.05511357
26.11688457,19.47495041,32.75039817
26.06536929,19.60856226,32.52290131
24.88354549,19.44396735,30.30397821
23.1115285,17.79795775,28.42365482
22.875171,17.37462885,28.37228773
23.93192471,17.51191888,30.37304194
22.70888229,16.52820271,28.90114701
23.40398534,16.30820398,30.49883617
25.54591371,18.22716721,32.87713067
26.43839517,19.32913198,33.57039891
24.8619129,18.77711664,30.93070582
24.29691179,18.98778592,29.58122481
25.70479126,18.8327856,32.58592178
26.95944761,19.48371936,34.43618834
27.69755894,20.48283265,34.90926193
25.85909408,19.57921167,32.16099123
23.36236626,17.50887125,29.23238257
20.96370259,15.11209196,26.81859615
19.72877101,13.19822765,26.27618817
20.9813344,13.81915325,28.12470881
24.777599,17.8511525,31.68270511
24.67759745,18.47926311,30.85967582
25.08165567,18.31388864,31.8640447
26.15481241,19.07916423,33.23924966
26.22671975,19.83832958,32.61942095
25.77738771,18.54018753,32.9761078
26.21211948,19.33252618,33.04668271
25.80744038,19.11354793,32.49846407
25.41962926,18.91472929,31.94960817
25.18215067,18.62267671,31.74109447
22.34373618,17.49983168,27.19251643
21.66095292,16.78763228,26.53090141
21.28454363,16.25864132,26.32409192
21.0818603,16.06586125,26.10439321
21.15884274,15.82209654,26.4856339
22.70271174,16.95324857,28.44721262
23.64660847,17.27503666,30.02380628
23.18493052,17.33000648,29.05540399
21.81455806,15.87233267,27.73621442
21.90796693,15.01336842,28.78601468
21.49078643,14.73018572,28.25138679
21.09259142,15.33920621,26.8523594
22.00007235,15.01756147,28.97912364
21.14209195,14.48208628,27.78479891
16.90372548,12.32217473,21.47697736
18.01985912,12.31114764,23.72128688
18.65834155,12.06515373,25.25707359
19.08640383,11.69047907,26.48604329
19.92805881,13.52822487,26.31612983
19.77708121,14.65037981,24.93544544
20.79618919,14.63130443,26.94055238
19.43821815,13.27945561,25.60951031
19.6433659,13.91278057,25.3889192
20.79500512,14.98867407,26.63333418
20.6268661,14.63855726,26.62016469
21.08380169,15.66025701,26.49739011
21.5801487,15.75377092,27.41499663
21.21892879,15.64677723,26.81658198
21.52657735,15.15382255,27.88274081
20.47369806,13.86207902,27.06101015
19.11488699,12.10906898,26.11565325
19.39171402,12.2361439,26.5502395
19.63350511,12.58717969,26.6883601
20.58707491,13.59194361,27.56268024
21.26789064,14.45077486,28.09785048
20.01698425,14.34387965,25.72213008
18.12177498,13.62766475,22.59705178
15.38043655,11.91121695,18.83885831
14.68331066,10.64774591,18.69258504
17.50802567,12.54290281,22.49160472
15.85393001,9.482424673,22.23095474
17.82198104,10.61795205,25.04803505
18.7088246,11.46740647,25.96990035
19.06091269,11.93521042,26.19300902
19.36206383,12.2785523,26.44785624
14.97006834,8.990343515,20.95336171
14.60355296,9.050398456,20.15167822
15.3400195,9.92949155,20.75053125
15.9441818,11.7341583,20.11831547
15.78442266,11.66999517,19.91418639
11.38973149,6.787361113,16.01697269
10.74132039,4.684095644,16.79040953
10.50174411,5.494086623,15.51160128
9.733928767,5.11983548,14.36194572
11.0010858,5.589709242,16.4120855
10.57212587,5.809031339,15.35486505
9.712644978,3.873559419,15.53441038
10.37604998,3.599667803,17.1412373
11.4169085,4.536216489,18.25586133
12.39842489,5.740308507,19.05020293
12.38951669,5.261876213,19.49880218
12.75273906,5.57528413,19.93374502
12.36024671,5.42455463,19.29419998
14.03465984,8.188020868,19.86093731
14.58227478,9.773359461,19.40276546
9.353762563,4.183300431,14.51464657
9.43708044,5.005020176,13.86607779
8.867747884,5.227501673,12.48262105
6.606084036,2.189223852,11.03762242
5.429697011,1.055655729,9.788687499
6.65588595,1.04282425,12.26682026
7.014961626,1.154532161,12.87522955
7.137152786,1.275185428,13.01564451
8.031093481,2.249036248,13.80466376
9.196776107,4.24756968,14.14570803
8.993618274,5.013878025,12.97320847
6.383583948,2.193780529,10.56835403
7.047100701,1.720725166,12.36471178
10.04927552,5.925855138,14.16352243
9.592497472,5.90799147,13.29289523
6.789525348,1.789254922,11.79333414
8.280930299,3.67475617,12.89332365
7.932250804,2.612192559,13.27791962
9.125218511,3.52026539,14.69705714
9.642145307,4.074178554,15.21382507
7.797680704,3.365036722,12.24015597
8.63362347,5.509512761,11.74495887
9.077049984,6.313003469,11.85773728
10.31213163,6.256774759,14.36335895
11.87253841,7.883093119,15.87141805
